profile_code,index
1,2
10,3
100,4
103,5
104,6
105,7
106,8
107,9
108,10
109,11
11,12
110,13
111,14
112,15
113,16
114,17
115,18
116,19
117,20
12,21
120,22
121,23
122,24
123,25
13,26
135,27
136,28
137,29
138,30
139,31
14,32
140,33
141,34
142,35
143,36
144,37
145,38
146,39
147,40
148,41
149,42
15,43
150,44
151,45
152,46
153,47
154,48
155,49
156,50
157,51
158,52
159,53
16,54
160,55
161,56
162,57
163,58
164,59
165,60
166,61
167,62
168,63
169,64
17,65
170,66
171,67
172,68
173,69
174,70
175,71
176,72
177,73
178,74
179,75
18,76
180,77
181,78
182,79
184,80
185,81
19,82
20,83
21,84
22,85
23,86
27,87
28,88
29,89
3,90
30,91
34,92
35,93
36,94
37,95
38,96
39,97
4,98
40,99
41,100
42,101
43,102
45,103
46,104
47,105
48,106
49,107
5,108
50,109
51,110
53,111
54,112
55,113
56,114
57,115
58,116
6,117
60,118
61,119
62,120
63,121
65,122
66,123
67,124
68,125
7,126
71,127
72,128
73,129
74,130
75,131
76,132
77,133
78,134
79,135
8,136
80,137
81,138
82,139
83,140
84,141
85,142
86,143
87,144
88,145
89,146
90,147
91,148
93,149
94,150
95,151
96,152
97,153
98,154
99,155