result_code,index
101,2
102,3
103,4
104,5
105,6
106,7
107,8
108,9
109,10
110,11
201,12
202,13
203,14
204,15
205,16
206,17
207,18
208,19
209,20
301,21
302,22
303,23
304,24
305,25
306,26
307,27
308,28
309,29
310,30
311,31
312,32
313,33
314,34
315,35
316,36
317,37
318,38
319,39
320,40
321,41
322,42
323,43
324,44
325,45
326,46
327,47
328,48
329,49
330,50
331,51
332,52
333,53
334,54
335,55
336,56
337,57
338,58
339,59
340,60
341,61
342,62
343,63
344,64
345,65
346,66
347,67
348,68
349,69
350,70
351,71
352,72
353,73
354,74
355,75
356,76
357,77
358,78
359,79
361,80
362,81
363,82
364,83
365,84
366,85
367,86
368,87
369,88
370,89
371,90
372,91
373,92
374,93
375,94
376,95
377,96
378,97
379,98
380,99
381,100
382,101
383,102
384,103
385,104
386,105
387,106
388,107
389,108
390,109
391,110
392,111
393,112
401,113
402,114
403,115
404,116
405,117
406,118
407,119
408,120
409,121
410,122
411,123
412,124
413,125
414,126
415,127
416,128
417,129